index	asset	estimated_return
0	AAPL	0.019060976132910912
1	AMZN	0.019783109079779145
2	MSFT	0.010854179302724557
3	RBLX	0.04234046079358718
4	SPY	0.016532131271819638
5	TSLA	0.04963986709969106
