asset	allocation
AAPL	0.1284494037071284
AMZN	0.0
MSFT	0.0
RBLX	0.0
SPY	0.8715505962928717
TSLA	0.0
