best_profit	one_std_profit
114385.70329199985	70793.5664808123
