buy_month	sell_month	pints_purchased	expected_profit
2025-07	2025-12	257838	114385.70329199985
2025-06	2025-12	249041	76364.43799399996
2025-08	2025-12	246232	64225.67748799978
2025-09	2025-12	243084	50618.35365599979
2025-07	2025-11	264662	48634.289120000096
2025-06	2025-11	255401	11942.550760000091
2025-10	2025-12	233404	8783.926135999727
2025-08	2025-11	252448	242.35007999990603
