action	min_reward	mean_reward	max_reward
0	0.0	1.216828640221952	6.564312482579681
1	0.0	0.1660678324509227	0.6231933849531686
2	0.0	0.1256767168319603	0.9584644009640338
