strategy	regret
uniform	713.970910387007
just-0	0.0
just-1	1050.7608077710292
just-2	1091.1519233899917
actual	22.469888119381267
