	AAPL	AMZN	MSFT	RBLX	SPY	TSLA
AAPL	0.003476162966379002	0.00010361240159186211	6.785698012257544e-05	-0.0017859834891821621	0.000541904500087183	0.002558704377521322
AMZN	0.00010361240159186211	0.005045716405289837	0.002654809086795183	0.003803221214566464	0.0014958259429164547	0.004629145915924939
MSFT	6.785698012257544e-05	0.002654809086795183	0.0035547693890345578	0.00460391418481002	0.0012915042205133976	0.002904539725976746
RBLX	-0.0017859834891821621	0.003803221214566464	0.00460391418481002	0.02154464709142741	0.001347677457812492	0.005194011162967186
SPY	0.000541904500087183	0.0014958259429164547	0.0012915042205133976	0.001347677457812492	0.0009743564448405024	0.001705340774579174
TSLA	0.002558704377521322	0.004629145915924939	0.002904539725976746	0.005194011162967186	0.001705340774579174	0.023768284562446885
